umls_kind,id,name,xref,description,unk1,unk2,shortname,inverse,unk4,search_term,wikidata_id,wikidata_label,wikidata_description
STY,T001,Organism,A1.1,"Generally, a living individual, including all plants and animals.",,,,orgm,,Organism,Q7239,organism,"any contiguous alive physical entity; entity or being that is living; an individual living thing, such as one animal, plant, fungus, or bacterium"
STY,T002,Plant,A1.1.3.3,"An organism having cellulose cell walls, growing by synthesis of inorganic substances, generally distinguished by the presence of chlorophyll, and lacking the power of locomotion. Plant parts are included here as well.",,,,plnt,,Plant,Q756,plant,kingdom of photosynthetic eukaryotes
STY,T004,Fungus,A1.1.3.2,"A eukaryotic organism characterized by the absence of chlorophyll and the presence of a rigid cell wall. Included here are both slime molds and true fungi such as yeasts, molds, mildews, and mushrooms.",,,,fngs,,Fungu,Q32752833,Fungu,river in Tanzania
STY,T005,Virus,A1.1.4,An organism consisting of a core of a single nucleic acid enclosed in a protective coat of protein. A virus may replicate only inside a host living cell. A virus exhibits some but not all of the usual characteristics of living things.,,,,virs,,Viru,Q3344843,Virú,"capital city of Virú, La Libertad, Peru"
STY,T007,Bacterium,A1.1.2,"A small, typically one-celled, prokaryotic micro-organism.",,,,bact,,Bacterium,Q31856,Pseudomonas aeruginosa,common bacterium
STY,T008,Animal,A1.1.3.1,"An organism with eukaryotic cells, and lacking stiff cell walls, plastids and photosynthetic pigments.",,,,anim,,Animal,Q729,animal,kingdom of multicellular eukaryotic organisms
STY,T010,Vertebrate,A1.1.3.1.1,An animal which has a spinal column.,,Few concepts will be assigned to this broad type.,,vtbt,,Vertebrate,Q25241,Vertebrata,subphylum of chordates
STY,T011,Amphibian,A1.1.3.1.1.1,"A cold-blooded, smooth-skinned vertebrate which characteristically hatches as an aquatic larva, breathing by gills. When mature, the amphibian breathes with lungs.",,,,amph,,Amphibian,Q10908,Amphibia,"class of tetrapods, whose living forms include frogs, toads, salamanders, newts and caecilians"
STY,T012,Bird,A1.1.3.1.1.2,A vertebrate having a constant body temperature and characterized by the presence of feathers.,,,,bird,,Bird,Q5113,bird,class of vertebrates
STY,T013,Fish,A1.1.3.1.1.3,"A cold-blooded aquatic vertebrate characterized by fins and breathing by gills. Included here are fishes having either a bony skeleton, such as a perch, or a cartilaginous skeleton, such as a shark, or those lacking a jaw, such as a lamprey or hagfish.",,,,fish,,Fish,Q152,fish,vertebrate animal that lives in water and (typically) has gills
STY,T014,Reptile,A1.1.3.1.1.5,A cold-blooded vertebrate having an external covering of scales or horny plates. Reptiles breathe by means of lungs and are generally egg-laying.,,,,rept,,Reptile,Q10811,Reptilia,group (class or clade) of tetrapod animals
STY,T016,Human,A1.1.3.1.1.4.1,"Modern man, the only remaining species of the Homo genus.",,"If a concept describes a human being from the point of view of occupational, family, social status, etc., then a type from the 'Group' hierarchy will be assigned instead.",,humn,,Human,Q5,human,"any member of Homo sapiens, unique extant species of the genus Homo, from embryo to adult"
STY,T017,Anatomical Structure,A1.2,A normal or pathological part of the anatomy or structural organization of an organism.,,Few concepts will be assigned to this broad type.,Y,anst,,Anatomical Structure,Q112826905,class of anatomical entity,anatomical entity as a first-order metaclass. To be used as P31 values for all anatomical structure classes. Its instances are classes (e.g. heart)
STY,T018,Embryonic Structure,A1.2.1,"An anatomical structure that exists only before the organism is fully formed; in mammals, for example, a structure that exists only prior to the birth of the organism. This structure may be normal or abnormal.",,,,emst,,Embryonic Structure,Q30062554,embryonic structure,anatomical structure which is formed during the embryonic stage
STY,T019,Congenital Abnormality,A1.2.2.1,"An abnormal structure, or one that is abnormal in size or location, present at birth or evolving over time as a result of a defect in embryogenesis.",,If the congenital abnormality involves multiple defects then the type 'Disease or Syndrome' will also be assigned.,,cgab,,Congenital Abnormality,Q2852249,congenital abnormality,type of congenital disorder
STY,T020,Acquired Abnormality,A1.2.2.2,"An abnormal structure, or one that is abnormal in size or location, found in or deriving from a previously normal structure. Acquired abnormalities are distinguished from diseases even though they may result in pathological functioning (e.g., ""hernias incarcerate"").",,,,acab,,Acquired Abnormality,Q117605534,acquired abnormality,type of abnormality
STY,T021,Fully Formed Anatomical Structure,A1.2.3,"An anatomical structure in a fully formed organism; in mammals, for example, a structure in the body after the birth of the organism.",,Few concepts will be assigned to this broad type.,,ffas,,Fully Formed Anatomical Structure,Q117605675,fully formed anatomical structure,type of anatomical structure
STY,T022,Body System,A2.1.4.1,A complex of anatomical structures that performs a common function.,,,,bdsy,,Body System,Q188193,organ system,group of organs that work together to perform one or more functions; collection of organs joined in structural unit to serve a common function
STY,T023,"Body Part, Organ, or Organ Component",A1.2.3.1,A collection of cells and tissues which are localized to a specific area or combine and carry out one or more specialized functions of an organism. This ranges from gross structures to small components of complex organs. These structures are relatively localized in comparison to tissues.,,"When assigning this type, consider whether 'Body Location or Region' might be the correct choice.",,bpoc,,"Body Part, Organ, or Organ Component",Q117605780,body part / organ / organ component,type of anatomical structure
STY,T024,Tissue,A1.2.3.2,"An aggregation of similarly specialized cells and the associated intercellular substance. Tissues are relatively non-localized in comparison to body parts, organs or organ components.",,,,tisu,,Tissue,Q40397,tissue,cellular organizational level intermediate between cells and a complete organism; cells that are grouped together with a common function
STY,T025,Cell,A1.2.3.3,The fundamental structural and functional unit of living organisms.,,,,cell,,Cell,Q7868,cell,basic structural and functional unit of all organisms
STY,T026,Cell Component,A1.2.3.4,"A part of a cell or the intercellular matrix, generally visible by light microscopy.",,,,celc,,Cell Component,Q5058355,cellular component,component of a cell
STY,T028,Gene or Genome,A1.2.3.5,"A specific sequence, or in the case of the genome the complete sequence, of nucleotides along a molecule of DNA or RNA (in the case of some viruses) which represent the functional units of heredity.",,,,gngm,,Gene or Genome,Q72786198,Evolution escapes rugged fitness landscapes by gene or genome doubling: the blessing of higher dimensionality,scientific article published on 01 September 1994
STY,T029,Body Location or Region,A2.1.5.2,"An area, subdivision, or region of the body demarcated for the purpose of topographical description.",,"When assigning this type, consider whether 'Body Part, Organ, or Organ Component' might be the correct choice.",Y,blor,,Body Location or Region,Q6256,country,distinct territorial body or political entity
STY,T031,Body Substance,A1.4.2,"Extracellular material, or mixtures of cells and extracellular material, produced, excreted, or accreted by the body. Included here are substances such as saliva, dental enamel, sweat, and gastric acid.",,,Y,bdsu,,Body Substance,Q289472,biogenic substance,"substance produced by life processes; it may be either constituents, or secretions, of plants or animals"
STY,T032,Organism Attribute,A2.3,A property of the organism or its major parts.,,,Y,orga,,Organism Attribute,Q57285185,TraitBank: Practical semantics for organism attribute data,article
STY,T033,Finding,A2.2,"That which is discovered by direct observation or measurement of an organism attribute or condition, including the clinical history of the patient. The history of the presence of a disease is a 'Finding' and is distinguished from the disease itself.",,Only in rare circumstances will findings be double-typed with either 'Pathologic Function' or 'Anatomical Abnormality'. Most findings will be assigned the types 'Laboratory or Test Result' or 'Sign or Symptom'. Only those findings that relate to patient history or to the determination of a state will be assigned the type 'Finding'.,,fndg,,Finding,Q639907,medical finding,collective physical and psychological occurrences of patients surveyed by a medical doctor
STY,T034,Laboratory or Test Result,A2.2.1,"The outcome of a specific test to measure an attribute or to determine the presence, absence, or degree of a condition.",,"Laboratory or test results are considered inherently quantitative and, thus, are not assigned the additional type 'Quantitative Concept'.",,lbtr,,Laboratory or Test Result,Q91615389,medical test result,result of a medical test
STY,T037,Injury or Poisoning,B2.3,"A traumatic wound, injury, or poisoning caused by an external agent or force.",,An `Injury or Poisoning' is distinguished from a 'Disease or Syndrome' that may be a result of prolonged exposure to toxic materials.,,inpo,,Injury or Poisoning,Q54911704,bites and stings,injuries inflicted by the teeth or poisoning caused by venoms of animals
STY,T038,Biologic Function,B2.2.1,"A state, activity or process of the body or one of its systems or parts.",,Few concepts will be assigned to this broad type.,Y,biof,,Biologic Function,Q72634719,Triiodothyronine: molecular structure and biologic function,scientific article published on 01 January 1981
STY,T039,Physiologic Function,B2.2.1.1,"A normal process, activity, or state of the body.",,,,phsf,,Physiologic Function,Q74268561,"[Copper--biochemistry, metabolism and physiologic function]",scientific article published on 01 November 1997
STY,T040,Organism Function,B2.2.1.1.1,"A physiologic function of the organism as a whole, of multiple organ systems, or of multiple organs or tissues.",,,,orgf,,Organism Function,Q57109776,[Mathematical model for study the reliability of organism function in extreme conditions of high altitude],scientific article published on 01 January 2003
STY,T041,Mental Process,B2.2.1.1.1.1,A physiologic function involving the mind or cognitive processing.,,,,menp,,Mental Proces,Q781413,mental process,things that individuals can do with their minds
STY,T042,Organ or Tissue Function,B2.2.1.1.2,"A physiologic function of a particular organ, organ system, or tissue.",,,,ortf,,Organ or Tissue Function,Q14882515,animal organ development,development of a tissue or tissues that work together to perform a specific function or functions
STY,T043,Cell Function,B2.2.1.1.3,A physiologic function inherent to cells or cell components.,,,,celf,,Cell Function,Q95674809,cell function,function of a cell
STY,T044,Molecular Function,B2.2.1.1.4,A physiologic function occurring at the molecular level.,,,,moft,,Molecular Function,Q105487974,inferred from molecular function,a statement on a protein or protein group/class follows logically from one of its molecular function statements
STY,T045,Genetic Function,B2.2.1.1.4.1,"Functions of or related to the maintenance, translation or expression of the genetic material.",,,,genf,,Genetic Function,Q71923076,Genetic function of mitochondrial DNA,journal article; published in Nature on 1976-6
STY,T046,Pathologic Function,B2.2.1.2,"A disordered process, activity, or state of the organism as a whole, of a body system or systems, or of multiple organs or tissues. Included here are normal responses to a negative stimulus as well as patholologic conditions or states that are less specific than a disease. Pathologic functions frequently have systemic effects.",,"If the process is specific, for example to a site or substance, then 'Disease or Syndrome' will be assigned and not 'Pathologic Function'. For example, ""cerebral anoxia"", ""brain edema"", and ""milk hypersensitivity"" will all be assigned to 'Disease or Syndrome' only.",,patf,,Pathologic Function,Q72262272,[Normal and pathologic function of ureterotrigonal musculature],scientific article published on 01 January 1968
STY,T047,Disease or Syndrome,B2.2.1.2.1,"A condition which alters or interferes with a normal process, state, or activity of an organism. It is usually characterized by the abnormal functioning of one or more of the host's systems, parts, or organs. Included here is a complex of symptoms descriptive of a disorder.",,"Any specific disease or syndrome that is modified by such modifiers as ""acute"", ""prolonged"", etc. will also be assigned to this type. If an anatomic abnormality has a pathologic manifestation, then it will be given this type as well as a type from the 'Anatomical Abnormality' hierarchy, e.g., ""Diabetic Cataract"" will be double-typed for this reason.",,dsyn,,Disease or Syndrome,Q68408323,[Kawasaki disease or syndrome],scientific article published on 01 January 1990
STY,T048,Mental or Behavioral Dysfunction,B2.2.1.2.1.1,A clinically significant dysfunction whose major manifestation is behavioral or psychological. These dysfunctions may have identified or presumed biological etiologies or manifestations.,,,,mobd,,Mental or Behavioral Dysfunction,Q12135,mental disorder,distressing thought or behavior pattern
STY,T049,Cell or Molecular Dysfunction,B2.2.1.2.2,"A pathologic function inherent to cells, parts of cells, or molecules.",,This is not intended to be a repository for diseases whose molecular basis has been established.,,comd,,Cell or Molecular Dysfunction,Q65341081,Defining the Molecular and Physiological Mechanisms of Pancreatic Islet Cell Dysfunction Which Lead to Type 2 Diabetes,clinical trial
STY,T050,Experimental Model of Disease,B2.2.1.2.3,A representation in a non-human organism of a human disease for the purpose of research into its mechanism or treatment.,,,,emod,,Experimental Model of Disease,Q64732998,animal disease model,naturally-occurring or experimentally-induced animal diseases with pathological processes analogous to human diseases
STY,T051,Event,B,"A broad type for grouping activities, processes and states.",,Few concepts will be assigned to this broad type.,,evnt,,Event,Q1656682,event,"temporary and scheduled happening, like a conference, festival, competition or similar"
STY,T052,Activity,B1,An operation or series of operations that an organism or machine carries out or participates in.,,"Few concepts will be assigned to this broad type. Wherever possible, one of the more specific types from this hierarchy will be chosen. For concepts assigned to this type, the focus of interest is on the activity. When the focus of interest is the individual or group that is carrying out the activity, then a type from the 'Behavior' hierarchy will be chosen. In general, concepts will not receive a type from both the 'Activity' and the 'Behavior' hierarchies.",,acty,,Activity,Q192581,job,activity done by a person to earn money
STY,T053,Behavior,B1.1,Any of the psycho-social activities of humans or animals that can be observed directly by others or can be made systematically observable by the use of special strategies.,,"Few concepts will be assigned to this broad type. For concepts assigned to the 'Behavior' hierarchy, the focus of interest is on the individual or group that is carrying out the activity. When the activity is of paramount interest, then a type from the 'Activity' hierarchy will be chosen. In general, concepts will not receive a type from both the 'Behavior' and the 'Activity' hierarchies.",Y,bhvr,,Behavior,Q3769299,human behavior,array of physical actions and observable emotions associated with humans
STY,T054,Social Behavior,B1.1.1,Behavior that is a direct result or function of the interaction of humans or animals with their fellows. This includes behavior that may be considered anti-social.,,"'Social Behavior' requires the direct participation of others and is, thus, distinguished from 'Individual Behavior' which is carried out by an individual, though others may be present.",,socb,,Social Behavior,Q921513,social behavior,"behavior among two or more organisms, typically from the same species"
STY,T055,Individual Behavior,B1.1.2,"Behavior exhibited by a human or an animal that is not a direct result of interaction with other members of the species, but which may have an effect on others.",,"'Individual Behavior' is carried out by an individual, though others may be present, and is, thus, distinguished from 'Social Behavior' which requires the direct participation of others.",,inbe,,Individual Behavior,Q61884063,Infostorms: Why do we 'like'? Explaining individual behavior on the social net,NONE
STY,T056,Daily or Recreational Activity,B1.2,"An activity carried out for recreation or exercise, or as part of daily life.",,,,dora,,Daily or Recreational Activity,Q63478865,Knee biomechanics during popular recreational and daily activities in older men,scientific article published on 19 March 2014
STY,T057,Occupational Activity,B1.3,An activity carried out as part of an occupation or job.,,,,ocac,,Occupational Activity,Q637816,occupational disease,chronic ailment that occurs as a result of work or occupational activity; aspect of occupational safety and health
STY,T058,Health Care Activity,B1.3.1,An activity of or relating to the practice of medicine or involving the care of patients.,,,,hlca,,Health Care Activity,Q80360386,[An analysis of the health care activity of on-call neurologists and its repercussions in the hospital],scientific article published on 01 July 2004
STY,T059,Laboratory Procedure,B1.3.1.1,"A procedure, method, or technique used to determine the composition, quantity, or concentration of a specimen, and which is carried out in a clinical laboratory. Included here are procedures which measure the times and rates of reactions.",,,,lbpr,,Laboratory Procedure,Q3516847,laboratory procedure,NONE
STY,T060,Diagnostic Procedure,B1.3.1.2,"A procedure, method, or technique used to determine the nature or identity of a disease or disorder. This excludes procedures which are primarily carried out on specimens in a laboratory.",,,,diap,,Diagnostic Procedure,Q99337819,cholangioscopy,diagnostic procedure
STY,T061,Therapeutic or Preventive Procedure,B1.3.1.3,"A procedure, method, or technique designed to prevent a disease or a disorder, or to improve physical function, or used in the process of treating a disease or injury.",,,,topp,,Therapeutic or Preventive Procedure,Q74616617,[Risks of modern therapeutic and preventive procedures],scientific article published on 01 August 1957
STY,T062,Research Activity,B1.3.2,An activity carried out as part of research or experimentation.,,"In some cases, a concept may be assigned to both this type and the type 'Intellectual Product'. For example, the concept ""Comparative Study"" might be viewed as both an activity and the result, or product, of that activity.",,resa,,Research Activity,Q119459661,scientific activity,activity leading to the understanding of the physical or material world
STY,T063,Molecular Biology Research Technique,B1.3.2.1,Any of the techniques used in the study of or the directed modification of the gene complement of a living organism.,,,,mbrt,,Molecular Biology Research Technique,Q73261095,"[Molecular biology techniques: research, transfer or routine?]",scientific article published on 01 December 1996
STY,T064,Governmental or Regulatory Activity,B1.3.3,"An activity carried out by officially constituted governments, or an activity related to the creation or enforcement of the rules or regulations governing some field of endeavor.",,,,gora,,Governmental or Regulatory Activity,Q1639780,regulatory agency,government agency responsible for exercising autonomous authority over some area of human activity in a regulatory or supervisory capacity
STY,T065,Educational Activity,B1.3.4,An activity related to the organization and provision of education.,,,,edac,,Educational Activity,Q61788126,educational activity,human activity conducted with the purpose of educating people
STY,T066,Machine Activity,B1.4,An activity carried out primarily or exclusively by machines.,,,,mcha,,Machine Activity,Q8034679,Worker-machine activity chart,NONE
STY,T067,Phenomenon or Process,B2,A process or state which occurs naturally or as a result of an activity.,,,,phpr,,Phenomenon or Proces,Q9075999,cellular senescence,phenomenon characterized by the cessation of cell division
STY,T069,Environmental Effect of Humans,B2.1.1,A change in the natural environment that is a result of the activities of human beings.,,,,eehu,,Environmental Effect of Humans,Q574376,human impact on the environment,"observed or potential changes to biophysical environments and ecosystems caused directly or indirectly by humans, including global warming, environmental degradation, mass extinction and biodiversity loss, ecological crisis and collapse"
STY,T071,Entity,A,A broad type for grouping physical and conceptual entities.,,Few concepts will be assigned to this broad type.,,enty,,Entity,Q35120,entity,"anything that can be considered, discussed, or observed"
STY,T072,Physical Object,A1,An object perceptible to the sense of vision or touch.,,,,phob,,Physical Object,Q223557,physical object,"singular aggregation of substance(s) such as matter or radiation, with overall properties such as mass, position or momentum"
STY,T073,Manufactured Object,A1.3,A physical object made by human beings.,,,,mnob,,Manufactured Object,Q22809652,manufactured object,"in the strict sense, object made by humans with their hands"
STY,T074,Medical Device,A1.3.1,"A manufactured object used primarily in the diagnosis, treatment, or prevention of physiologic or anatomic disorders.",,"A medical device may be used for research purposes, but since its primary use is for routine medical care, it is distinguished from a 'Research Device' which is used primarily for research purposes.",,medd,,Medical Device,Q6554101,medical device,any device intended to be used for medical purposes
STY,T075,Research Device,A1.3.2,A manufactured object used primarily in carrying out scientific research or experimentation.,,"A research device is distinguished from a 'Medical Device', which though it may be used for research purposes is used primarily for routine medical care.",,resd,,Research Device,Q9267004,NONE,research device used in geology
STY,T077,Conceptual Entity,A2,A broad type for grouping abstract entities or concepts.,,Few concepts will be assigned to this broad type.,,cnce,,Conceptual Entity,Q118274566,Minecraft world,"a collection of Minecraft blocks set at specific points (this is the conceptual entity; for the file format, see Q105862087)"
STY,T078,Idea or Concept,A2.1,"An abstract concept, such as a social, religious or philosophical concept.",,,,idcn,,Idea or Concept,Q138619,ideogram,graphic symbol that represents an idea or concept
STY,T079,Temporal Concept,A2.1.1,A concept which pertains to time or duration.,,"If the concept refers to a phase, stage, cycle, interval, period, or rhythm, it is assigned to this type.",,tmco,,Temporal Concept,Q111449965,temporal concept,fundamental construct of human cognition
STY,T080,Qualitative Concept,A2.1.2,"A concept which is an assessment of some quality, rather than a direct measurement.",,,,qlco,,Qualitative Concept,Q73730970,Denial is not a qualitative concept,scientific article published on 01 March 2000
STY,T081,Quantitative Concept,A2.1.3,"A concept which involves the dimensions, quantity or capacity of something using some unit of measure, or which involves the quantitative comparison of entities.",,"If the concept refers to rate or distribution, the type 'Temporal Concept' is not also assigned.",,qnco,,Quantitative Concept,Q95753510,model calibration,concept in quantitative sciences
STY,T082,Spatial Concept,A2.1.5,"A location, region, or space, generally having definite boundaries.",,,,spco,,Spatial Concept,Q28547926,Spatial Concept,painting by Lucio Fontana (Tate T00234)
STY,T083,Geographic Area,A2.1.5.4,"A geographic location, generally having definite boundaries.",,,,geoa,,Geographic Area,Q65072624,Special geographic area of Bangsamoro,areas in Cotabato which are part of Bangsamoro
STY,T085,Molecular Sequence,A2.1.5.3,"A broad type for grouping the collected sequences of amino acids, carbohydrates, and nucleotide sequences. Descriptions of these sequences are generally reported in the published literature and/or are deposited in and maintained by databanks such as GenBank, European Molecular Biology Laboratory (EMBL), National Biomedical Research Foundation (NBRF), or other sequence repositories.",,,,mosq,,Molecular Sequence,Q19753314,sequence annotation,annotation of sequences of biological macromolecules
STY,T086,Nucleotide Sequence,A2.1.5.3.1,"The sequence of purines and pyrimidines in nucleic acids and polynucleotides. Included here are nucleotide-rich regions, conserved sequence, and DNA transforming region.",,,,nusq,,Nucleotide Sequence,Q863908,nucleic acid sequence,succession of letters that indicate the order of nucleotides within a DNA (using GACT) or RNA (GACU) molecule
STY,T087,Amino Acid Sequence,A2.1.5.3.2,"The sequence of amino acids as arrayed in chains, sheets, etc., within the protein molecule. It is of fundamental importance in determining protein structure.",,,,amas,,Amino Acid Sequence,Q425105,amino acid sequence,any continuous part of a peptide/protein
STY,T088,Carbohydrate Sequence,A2.1.5.3.3,"The sequence of carbohydrates within polysaccharides, glycoproteins, and glycolipids.",,,,crbs,,Carbohydrate Sequence,Q70335429,carbohydrate sequence,"sequence of carbohydrates within a polysaccharide, glycoprotein or glycolipid"
STY,T089,Regulation or Law,A2.4.2,An intellectual product resulting from legislative or regulatory activity.,,,,rnlw,,Regulation or Law,Q24849257,High heel policy,regulation or law about the wearing of high heels
STY,T090,Occupation or Discipline,A2.6,"A vocation, academic discipline, or field of study, or a subpart of an occupation or discipline.",,"If the concept refers to the individuals who have the vocation, the type 'Professional or Occupational Group' will be assigned instead.",,ocdi,,Occupation or Discipline,Q1047113,specialty,field limited to a specific area of ​​knowledge; specialization in an occupation or branch of learning; a specific use
STY,T092,Organization,A2.7,"The result of uniting for a common purpose or function. The continued existence of an organization is not dependent on any of its members, its location, or particular facility. Components or subparts of organizations are also included here. Although the names of organizations are sometimes used to refer to the buildings in which they reside, they are not inherently physical in nature.",,,,orgt,,Organization,Q43229,organization,social entity established to meet needs or pursue goals
STY,T093,Health Care Related Organization,A2.7.1,An established organization which carries out specific functions related to health care delivery or research in the life sciences.,,Concepts for health care related professional societies are assigned the type 'Professional Society'.,,hcro,,Health Care Related Organization,Q70444354,"National Academies of Science, Engineering, and Medicine, U.S., Health and Medicine Division",organization that initiates and conducts studies of national policy and planning for health care and health-related education and research
STY,T094,Professional Society,A2.7.2,An organization uniting those who have a common vocation or who are involved with a common field of study.,,,,pros,,Professional Society,Q829080,professional association,typically nonprofit organization seeking to further a particular profession
STY,T096,Group,A2.9,A conceptual entity referring to the classification of individuals according to certain shared characteristics.,,Few concepts will be assigned to this broad type.,,grup,,Group,Q215380,musical group,musical ensemble which performs music
STY,T097,Professional or Occupational Group,A2.9.1,An individual or individuals classified according to their vocation.,,"If the concept refers to the discipline or vocation itself, rather than to the individuals who have the vocation, then the type 'Occupation or Discipline' will be assigned instead.",,prog,,Professional or Occupational Group,Q69943958,occupational group,members of the various professions or occupations
STY,T098,Population Group,A2.9.2,"An indivdual or individuals classified according to their sex, racial origin, religion, common place of living, financial or social status, or some other cultural or behavioral attribute.",,,,popg,,Population Group,Q851990,population group,demographic classification of people
STY,T099,Family Group,A2.9.3,An individual or individuals classified according to their family relationships or relative position in the family unit.,,,,famg,,Family Group,Q19760121,Family Group,sculpture series by Henry Moore (LH 269)
STY,T100,Age Group,A2.9.4,An individual or individuals classified according to their age.,,,,aggp,,Age Group,Q42401304,age group,"set of persons classified by age from birth (infant, newborn) to octogenarians and older (aged, 80 and over)"
STY,T101,Patient or Disabled Group,A2.9.5,"An individual or individuals classified according to a disability, disease, condition or treatment.",,,,podg,,Patient or Disabled Group,Q33829298,Obesity in disabled children and adolescents: an overlooked group of patients,scientific article
STY,T102,Group Attribute,A2.8,A conceptual entity which refers to the frequency or distribution of certain characteristics or phenomena in certain groups.,,,,grpa,,Group Attribute,Q120956722,Group Attribute Analysis of Highly Cited Authors of China:Based on the Statistical Analysis of the Chinese Citation Database,NONE
STY,T103,Chemical,A1.4.1,"Compounds or substances of definite molecular composition. Chemicals are viewed from two distinct perspectives in the network, functionally and structurally. Almost every chemical concept is assigned at least two types, generally one from the structure hierarchy and at least one from the function hierarchy.",,Few concepts will be assigned to this broad type.,,chem,,Chemical,Q79529,chemical substance,"matter of constant composition best characterized by the entities (molecules, formula units, atoms) it is composed of and characterized by physical properties like density"
STY,T104,Chemical Viewed Structurally,A1.4.1.2,"A chemical or chemicals viewed from the perspective of their structural characteristics. Included here are concepts which can mean either a salt, an ion, or a compound (e.g., ""Bromates"" and ""Bromides"").",,"Concepts are assigned to this type if they can be both organic and inorganic, e.g. sulfur compounds. Do not use this type if the concept has an important functional aspect, e.g., ""Mylanta Double Strength Liquid"" contains Al(OH)3, Mg(OH)2, and simethicone, but would be assigned only to 'Pharmacologic Substance'.",,chvs,,Chemical Viewed Structurally,Q37020630,Modeling multi-typed structurally viewed chemicals with the UMLS Refined Semantic Network,scientific article published on 24 October 2008
STY,T109,Organic Chemical,A1.4.1.2.1,"The general class of carbon-containing compounds, usually based on carbon chains or rings, and also containing hydrogen (hydrocarbons), with or without nitrogen, oxygen, or other elements in which the bonding between elements is generally covalent.",,Salts of organic chemicals (such as Calcium Acetate) would be considered organic chemicals and should not also receive the type 'Inorganic Chemical'.,,orch,,Organic Chemical,Q1153832,organic synthesis,chemical construction of organic compounds
STY,T114,"Nucleic Acid, Nucleoside, or Nucleotide",A1.4.1.2.1.5,"A complex compound of high molecular weight occurring in living cells. These are basically of two types, ribonucleic (RNA) and deoxyribonucleic (DNA) acids. Nucleic acids are made of nucleotides (nitrogen-containing base, a 5-carbon sugar, and one or more phosphate group) linked together by a phosphodiester bond between the 5' and 3' carbon atoms. Nucleosides are compounds composed of a purine or pyrimidine base (usually adenine, cytosine, guanine, thymine, uracil) linked to either a ribose or a deoxyribose sugar.",,"Naturally occurring nucleic acids, nucleosides, or nucleotides will also be assigned a type from the 'Biologically Active Substance' hierarchy.",,nnon,,"Nucleic Acid, Nucleoside, or Nucleotide",Q14880758,nucleobase-containing compound metabolic process,"Any cellular metabolic process involving nucleobases, nucleosides, nucleotides and nucleic acids."
STY,T116,"Amino Acid, Peptide, or Protein",A1.4.1.2.1.7,Amino acids and chains of amino acids connected by peptide linkages.,,"When the concept is both an enzyme and a protein, this type and the type 'Enzyme' will be assigned.",,aapp,,"Amino Acid, Peptide, or Protein",Q3142557,protein sequencing,sequencing of amino acid arrangement in a polypetide chain or protein
STY,T120,Chemical Viewed Functionally,A1.4.1.1,A chemical viewed from the perspective of its functional characteristics or pharmacological activities.,,"A specific chemical will not be assigned here. Groupings of chemicals viewed functionally, such as ""Aerosol Propellants"" may appropriately be assigned here. A name that is inherently functional, such as ""Food Additives"", will not also be assigned a type from the 'Chemical Viewed Structurally' hierarchy.",,chvf,,Chemical Viewed Functionally,Q63468285,Chemical bonding and electronic-structure in MAX phases as viewed by X-ray spectroscopy and density functional theory,scholarly article by Martin Magnuson & Maurizio Mattesini published January 2017 in Thin Solid Films
STY,T121,Pharmacologic Substance,A1.4.1.1.1,A substance used in the treatment or prevention of pathologic disorders. This includes substances that occur naturally in the body and are administered therapeutically.,,"If a substance is both endogenous and typically used as a drug, then this type and the type 'Biologically Active Substance' or one of its children are assigned. Body substances that are used therapeutically such as whole blood preparation, NOS would only receive the type 'Body Substance'. Substances used in the diagnosis or analysis of normal and abnormal body functions should be given the type 'Indicator, Reagent, or Diagnostic Aid'.",,phsu,,Pharmacologic Substance,Q55786365,drug-induced vasculitis,"skin hypersensitivity reaction due to exposure to a pharmacologic substance that is characterized by raised purpuric lesions, red macules, hemorrhagic blisters and ulcerations"
STY,T122,Biomedical or Dental Material,A1.4.1.1.2,"A substance used in biomedicine or dentistry predominantly for its physical, as opposed to chemical, properties. Included here are biocompatible materials, tissue adhesives, bone cements, resins, toothpastes, etc.",,,,bodm,,Biomedical or Dental Material,Q50379874,biomedical and dental material,"substance used in biomedicine or dentistry predominantly for their physical, as opposed to chemical, properties"
STY,T123,Biologically Active Substance,A1.4.1.1.3,"A generally endogenous substance produced or required by an organism, of primary interest because of its role in the biologic functioning of the organism that produces it.",,"If a substance is both endogenous and typically used as a drug, then this type and the type 'Pharmacologic Substance' are assigned.",,bacs,,Biologically Active Substance,Q110323059,biologically active substance,substance with a measurable effect on living things
STY,T125,Hormone,A1.4.1.1.3.2,"In animals, a chemical usually secreted by an endocrine gland whose products are released into the circulating fluid. Hormones act as chemical messengers and regulate various physiologic processes such as growth, reproduction, metabolism, etc. They usually fall into two broad classes, steroid hormones and peptide hormones.",,Synthetic hormones that are used as drugs should receive this type and 'Pharmacologic Substance'. Plant hormones are assigned only to the type 'Pharmacologic Substance'.,,horm,,Hormone,Q11364,hormone,chemical released by a cell or a gland in one part of the body that sends out messages that affect cells in other parts of the organism
STY,T126,Enzyme,A1.4.1.1.3.3,"A complex chemical, usually a protein, that is produced by living cells and which catalyzes specific biochemical reactions. There are six main types of enzymes: oxidoreductases, transferases, hydrolases, lyases, isomerases, and ligases.",,"Generally when a concept is assigned to this type, it will also be assigned to the type 'Amino Acid, Peptide, or Protein'.",,enzy,,Enzyme,Q8047,enzyme,large biological molecule that acts as a catalyst
STY,T127,Vitamin,A1.4.1.1.3.4,"A substance, usually an organic chemical complex, present in natural products or made synthetically, which is essential in the diet of man or other higher animals. Included here are vitamin precursors, provitamins, and vitamin supplements.",,"Essential amino acids are not assigned to this type. They will be assigned to the type 'Amino Acid, Peptide, or Protein'. This can be used with 'Pharmacologic Substance' if the compound is being administered therapeutically or if the source has it classified as therapeutic (i.e., N'ICE Sugarless Vitamin C Drops).",,vita,,Vitamin,Q34956,vitamin,organic compound and a vital nutrient that an organism requires in limited amounts
STY,T129,Immunologic Factor,A1.4.1.1.3.5,A biologically active substance whose activities affect or play a role in the functioning of the immune system.,,"Antigens and antibodies are assigned to this type. Unlike most biologically active substances, some immunologic factors may be exogenous. Vaccines should be given this type and the type 'Pharmacologic Substance'.",,imft,,Immunologic Factor,Q50349184,immunologic factor,biologically active substance whose activities affects or plays a role in the functioning of the immune system
STY,T131,Hazardous or Poisonous Substance,A1.4.1.1.5,"A substance of concern because of its potentially hazardous or toxic effects. This would include most drugs of abuse, as well as agents that require special handling because of their toxicity.",,"Most pharmaceutical agents, although potentially harmful, are excluded here and are assigned to the type 'Pharmacologic Substance'. All pesticides are assigned to this type.",,hops,,Hazardous or Poisonous Substance,Q86421310,"Venoms and antivenoms: North American poisonous scorpion, snake, and spider information is now in the National Library of Medicine's Hazardous Substances Data Bank",scientific article published on 01 January 2015
STY,T167,Substance,A1.4,A material with definite or fairly definite chemical composition.,,,,sbst,,Substance,Q214609,material,"substance that can occur in different amounts, all with some similar [mixture of some] characteristics, and with which objects can be made"
STY,T168,Food,A1.4.3,"Any substance generally containing nutrients, such as carbohydrates, proteins, and fats, that can be ingested by a living organism and metabolized into energy and body tissue. Some foods are naturally occurring, others are either partially or entirely made by humans.",,"Food additives, food preservatives, and food dyes should be given the type 'Chemical Viewed Functionally'; ""Diet Coke"" would be assigned this type.",,food,,Food,Q2095,food,any substance consumed to provide nutritional support for the body; form of energy stored in chemical
STY,T169,Functional Concept,A2.1.4,A concept which is of interest because it pertains to the carrying out of a process or activity.,,,,ftcn,,Functional Concept,Q56655349,Treatment planning with a functional concept,NONE
STY,T170,Intellectual Product,A2.4,A conceptual entity resulting from human endeavor. Concepts assigned to this type generally refer to information created by humans for some purpose.,,"Concepts referring to theorems, models, and systems are assigned here. In some cases, a concept may be assigned to both 'Intellectual Product' and 'Research Activity'. For example, the concept ""Comparative Study"" might be viewed as both an activity and the result, or product, of that activity.",,inpr,,Intellectual Product,Q131257,intellectual property,ownership of ideas and processes
STY,T171,Language,A2.5,The system of communication used by a particular nation or people.,,,,lang,,Language,Q34770,language,"particular system of communication, often named for the region or peoples that use it"
STY,T184,Sign or Symptom,A2.2.2,"An observable manifestation of a disease or condition based on clinical judgment, or a manifestation of a disease or condition which is experienced by the patient and reported as a subjective observation.",,,,sosy,,Sign or Symptom,Q115743908,radicular arm pain,medical sign or symptom
STY,T185,Classification,A2.4.1,A term or system of terms denoting an arrangement by class or category.,,,,clas,,Classification,Q5962346,classification system,"system of descriptive information for an arrangement or division of objects into groups based on characteristics, which the objects have in common"
STY,T190,Anatomical Abnormality,A1.2.2,"An abnormal structure, or one that is abnormal in size or location.",,"Use this type if the abnormality in question can be either an acquired or congenital abnormality. Neoplasms are not included here. These are given the type 'Neoplastic Process'. If an anatomical abnormality has a pathologic manifestation, then it will additionally be given the type 'Disease or Syndrome', e.g., ""Diabetic Cataract"" will be double-typed for this reason.",,anab,,Anatomical Abnormality,Q64079342,Abdominal Cocoon Syndrome: Two Cases of an Anatomical Abnormality,scientific article published on 03 April 2019
STY,T192,Receptor,A1.4.1.1.3.6,"A specific structure or site on the cell surface or within its cytoplasm that recognizes and binds with other specific molecules. These include the proteins on the surface of an immunocompetent cell that binds with antigens, or proteins found on the surface molecules that bind with hormones or neurotransmitters and react with other molecules that respond in a specific way.",,,,rcpt,,Receptor,Q208467,signaling receptor,protein molecule receiving signals in or for a cell
STY,T194,Archaeon,A1.1.1,"A member of one of the three domains of life, formerly called Archaebacteria under the taxon Bacteria, but now considered separate and distinct. Archaea are characterized by: 1) the presence of characteristic tRNAs and ribosomal RNAs; 2) the absence of peptidoglycan cell walls; 3) the presence of ether-linked lipids built from branched-chain subunits; and 4) their occurrence in unusual habitats. While archaea resemble bacteria in morphology and genomic organization, they resemble eukarya in their method of genomic replication.",,,,arch,,Archaeon,Q10872,Archaea,domain of prokaryotic microorganisms
STY,T195,Antibiotic,A1.4.1.1.1.1,A pharmacologically active compound produced by growing microorganisms which kill or inhibit growth of other microorganisms.,,,,antb,,Antibiotic,Q12187,antibiotic,drug used in the treatment and prevention of bacterial infections
STY,T196,"Element, Ion, or Isotope",A1.4.1.2.3,"One of the 109 presently known fundamental substances that comprise all matter at and above the atomic level. This includes elemental metals, rare gases, and most abundant naturally occurring radioactive elements, as well as the ionic counterparts of elements (NA+, Cl-), and the less abundant isotopic forms. This does not include organic ions such as iodoacetate to which the type 'Organic Chemical' is assigned.",,Group terms such as sulfates would be assigned to the type 'Chemical Viewed Structurally'. Substances such as aluminum chloride would be assigned the type 'Inorganic Chemical'. Technetium Tc 99m Aggregated Albumin would not receive this type.,,elii,,"Element, Ion, or Isotope",Q31043268,"Continuous ice core melter system with discrete sampling for major ion, trace element and stable isotope analyses",scientific article
STY,T197,Inorganic Chemical,A1.4.1.2.2,"Chemical elements and their compounds, excluding the hydrocarbons and their derivatives (except carbides, carbonates, cyanides, cyanates and carbon disulfide). Generally inorganic compounds contain ionic bonds. Included here are inorganic acids and salts, alloys, alkalies, and minerals.",,,,inch,,Inorganic Chemical,Q190065,inorganic compound,"compound that is not organic: i.e. does not contain carbon with exceptions e.g. CO, carbon dioxide, disulfide and diselenide, carbides, HCN, carbonic acid, cyanic, isocyanic and fulminic acids and carbonates, hydrogen carbonates, cyanides, cyanates"
STY,T200,Clinical Drug,A1.3.3,"A pharmaceutical preparation as produced by the manufacturer. The name usually includes the substance, its strength, and the form, but may include the substance and only one of the other two items.",,"Do not double type with Pharmacologic Substance, Antibiotic, or other chemical semantic types.",,clnd,,Clinical Drug,Q15753215,Clinical Drug Investigation,journal
STY,T201,Clinical Attribute,A2.3.1,An observable or measurable property or state of an organism of clinical interest.,,"These are the attributes that are being evaluated or measured, not the results of the evaluation.",,clna,,Clinical Attribute,Q39288226,"Challenges With Identifying Indication for Examination in Breast Imaging as a Key Clinical Attribute in Practice, Research, and Policy",scientific article published on 12 October 2016
STY,T203,Drug Delivery Device,A1.3.1.1,A medical device that contains a clinical drug or drugs.,,,,drdd,,Drug Delivery Device,Q117606549,drug delivery device,type of medical device
STY,T204,Eukaryote,A1.1.3,"One of the three domains of life (the others being Bacteria and Archaea), also called Eukarya. These are organisms whose cells are enclosed in membranes and possess a nucleus. They comprise almost all multicellular and many unicellular organisms, and are traditionally divided into groups (sometimes called kingdoms) including Animals, Plants, Fungi, various Algae, and other taxa that were previously part of the old kingdom Protista.",,,,euka,,Eukaryote,Q19088,eukaryote,taxonomic group whose members have a cell nucleus enclosed within a nuclear envelope
RL,T132,physically_related_to,R1,Related by virtue of some physical attribute or characteristic.,,,,PR,physically_related_to,physically_related_to,Q2555426,beefcake,related to physically-attractive men
RL,T133,part_of,R1.1,"Composes, with one or more other physical units, some larger whole. This includes component of, division of, portion of, fragment of, section of, and layer of.",,,,PT,has_part,part_of,Q5982337,colon,part of large intestine
RL,T134,contains,R1.3,"Holds or is the receptacle for fluids or other substances. This includes is filled with, holds, and is occupied by.",,,,CT,contained_in,contain,Q220599,cytosol,"part of the cytoplasm that does not contain organelles but which does contain other particulate matter, such as protein complexes"
RL,T135,location_of,R2.1,"The position, site, or region of an entity or the site of a process.",,,,LO,has_location,location_of,Q2221906,geographic location,point or an area on something's surface or elsewhere
RL,T136,temporally_related_to,R4,"Related in time by preceding, co-occuring with, or following.",,,,TR,temporally_related_to,temporally_related_to,Q74187803,Acute myocardial infarction temporally related to betel nut chewing,scientific article published on 01 February 1998
RL,T137,co-occurs_with,R4.1,"Occurs at the same time as, together with, or jointly. This includes is co-incident with, is concurrent with, is contemporaneous with, accompanies, coexists with, and is concomitant with.",,,,CW,co-occurs_with,co-occurs_with,Q69000379,A VIP-like peptide co-occurs with substance P and enkephalin in cholinergic preganglionic terminals of the avian ciliary ganglion,scientific article published on 01 July 1987
RL,T138,precedes,R4.2,"Occurs earlier in time. This includes antedates, comes before, is in advance of, predates, and is prior to.",,,,PC,follows,precede,Q52063259,precedence,condition of occurring prior to other instances of a class
RL,T139,functionally_related_to,R3,Related by the carrying out of some function or activity.,,,,FR,functionally_related_to,functionally_related_to,Q70063323,A rat antibody against a structure functionally related to the mouse T-cell receptor/T3 complex,scientific article published on 01 January 1988
RL,T140,process_of,R3.4.1,"Action, function, or state of.",,,,PO,has_process,process_of,Q2996394,biological process,process specifically pertinent to the functioning of integrated living units
RL,T141,carries_out,R3.3.1,"Executes a function or performs a procedure or activity. This includes transacts, operates on, handles, and executes.",,,,CO,carried_out_by,carries_out,Q115093348,magic tunny (grateful); carries out hero's wish,narrative motif documented in Thompson's Motif-Index of Folk-Literature
RL,T142,interacts_with,R3.1.5,"Acts, functions, or operates together with.",,,,IW,interacts_with,interacts_with,Q47146,user interface,means by which a user interacts with and controls a machine
RL,T143,practices,R3.3.3,Performs habitually or customarily.,,,,PA,practiced_by,practice,Q1751775,rehearsal,practice performance
RL,T144,produces,R3.2.1,"Brings forth, generates or creates. This includes yields, secretes, emits, biosynthesizes, generates, releases, discharges, and creates.",,,,PS,produced_by,produce,Q1913301,produce,group of farm-produced crops and goods sold for food preparation
RL,T145,exhibits,R3.3.2,Shows or demonstrates.,,,,EX,exhibited_by,exhibit,Q9252000,exhibit,"object displayed to demonstrate a concept or show an example, e.g. in a museum"
RL,T146,disrupts,R3.1.3,"Alters or influences an already existing condition, state, or situation. Produces a negative effect on.",,,,DS,disrupted_by,disrupt,Q1229274,Disrupt,American crust punk band
RL,T147,causes,R3.2.2,"Brings about a condition or an effect. Implied here is that an agent, such as for example, a pharmacologic substance or an organism, has brought about the effect. This includes induces, effects, evokes, and etiology.",,,,CA,caused_by,cause,Q2574811,cause,entity which forms causality for an event
RL,T148,prevents,R3.1.6,"Stops, hinders or eliminates an action or condition.",,,,PV,prevented_by,prevent,Q1519099,polio vaccine,vaccine to prevent poliomyelitis
RL,T149,complicates,R3.1.4,Causes to become more severe or complex or results in adverse effects.,,,,CM,complicated_by,complicate,Q552348,eclampsia,pre-eclampsia characterized by the presence of seizures
RL,T150,manifestation_of,R3.6,"That part of a phenomenon which is directly observable or concretely or visibly expressed, or which gives evidence to the underlying process. This includes expression of, display of, and exhibition of.",,,,MF,has_manifestation,manifestation_of,Q161733,criminology,study of the causes and manifestations of crime
RL,T151,affects,R3.1,"Produces a direct effect on. Implied here is the altering or influencing of an existing condition, state, situation, or entity. This includes has a role in, alters, influences, predisposes, catalyzes, stimulates, regulates, depresses, impedes, enhances, contributes to, leads to, and modifies.",,,,AF,affected_by,affect,Q159904,affect,experience of feeling or emotion
RL,T152,occurs_in,R3.4,"Takes place in or happens under given conditions, circumstances, or time periods, or in a given location or population. This includes appears in, transpires, comes about, is present in, and exists in.",,,,OC,has_occurrence,occurs_in,Q5097982,childhood leukemia,leukemia that occurs in children
RL,T153,manages,R3.1.1,"Administers, or contributes to the care of an individual or group of individuals.",,,,MN,managed_by,manage,Q667987,Manage,"municipality in Wallonia, Belgium"
RL,T154,treats,R3.1.2,Applies a remedy with the object of effecting a cure or managing a condition.,,,,TS,treated_by,treat,Q3998176,Treat,album by Treat
RL,T155,uses,R3.5,"Employs in the carrying out of some activity. This includes applies, utilizes, employs, and avails.",,,,US,used_by,use,Q1724915,use,use of a resource to perform a task
RL,T156,indicates,R3.7,Gives evidence for the presence at some time of an entity or process.,,,,IN,indicated_by,indicate,Q2120608,function word,"words with little/ambiguous lexical meaning that express grammatical relationships or specify the speaker’s attitude/mood of the speaker; e.g. articles, pronouns, adpositions, conjunctions, auxiliary verbs, interjections, particles"
RL,T157,result_of,R3.8,"The condition, product, or state occurring as a consequence, effect, or conclusion of an activity or process. This includes product of, effect of, sequel of, outcome of, culmination of, and completion of.",,,,RO,has_result,result_of,Q16513426,decision,result of deliberation
RL,T158,conceptually_related_to,R5,"Related by some abstract concept, thought, or idea.",,,,CR,conceptually_related_to,conceptually_related_to,Q70374511,Free associations of older adults to single words and conceptually related word triads,scientific article published on 01 July 1982
RL,T159,property_of,R5.7,"Characteristic of, or quality of.",,,,PP,has_property,property_of,Q4373292,physical property,attribute of a physical system or body; OR non-chemical property of a material
RL,T160,conceptual_part_of,R5.11,"Conceptually a portion, division, or component of some larger whole.",,,,CP,has_conceptual_part,conceptual_part_of,Q104670567,Ptolemais: Quarry Hanan Ghetti,"Area (conceptual/geographic) in Libya, part of East Necropolis"
RL,T161,evaluation_of,R5.1,Judgment of the value or degree of some attribute or process.,,,,EV,has_evaluation,evaluation_of,Q58854,literary criticism,"study, evaluation, and interpretation of literature"
RL,T162,measures,R5.5,"Ascertains or marks the dimensions, quantity, degree, or capacity of.",,,,MS,measured_by,measure,Q3240892,bar,time unit in rhythmic musical notation
RL,T163,diagnoses,R5.6,Distinguishes or identifies the nature or characteristics of.,,,,DI,diagnosed_by,diagnosis,Q16644043,diagnosis,"identification of the nature and cause of a certain phenomenon, which is used in many different disciplines to determine causality"
RL,T164,assesses_effect_of,R5.3.1,Analyzes the influence or consequences of the function or action of.,,,,AE,assessed_for_effect_by,assesses_effect_of,Q46670809,Dentistry. Clinic assesses effect of medication on dry mouth syndrome.,scientific article published in January 2005
RL,T165,issue_in,R5.12,"Is an issue in or a point of discussion, study, debate, or dispute.",,,,II,has_issue,issue_in,Q2144359,environmental issue,issue regarding environmental policies
RL,T166,associated_with,R,has a significant or salient relationship to.,,,,AW,associated_with,associated_with,Q7163,politics,activities associated with group decisions
RL,T172,consists_of,R1.2,"Is structurally made up of in whole or in part of some material or matter. This includes composed of, made of, and formed of.",,,,CS,constitutes,consists_of,Q159992,surfing,sport that consists of riding a wave
RL,T173,adjacent_to,R2.2,"Close to, near or abutting another physical unit with no other structure of the same kind intervening. This includes adjoins, abuts, is contiguous to, is juxtaposed, and is close to.",,,,AD,adjacent_to,adjacent_to,Q369887,yolk sac,"membranous sac attached to an embryo, formed by cells of the hypoblast adjacent to the embryonic disk"
RL,T174,connected_to,R1.4,Directly attached to another physical unit as tendons are connected to muscles. This includes attached to and anchored to.,,,,CN,connected_to,connected_to,Q47526498,Category:Redirects connected to a Wikidata item,Wikimedia category
RL,T175,interconnects,R1.5,"Serves to link or join together two or more other physical units. This includes joins, links, conjoins, articulates, separates, and bridges.",,,,IC,interconnected_by,interconnect,Q68246256,Cray Gemini interconnect,interconnect protocol
RL,T176,surrounds,R2.3,"Establishes the boundaries for, or defines the limits of another physical structure. This includes limits, bounds, confines, encloses, and circumscribes.",,,,SR,surrounded_by,surround,Q569874,surround sound,system with loudspeakers that surround the listener
RL,T177,traverses,R2.4,Crosses or extends across another physical structure or area. This includes crosses over and crosses through.,,,,TV,traversed_by,traverse,Q984544,Traverse City,"city ​​and county seat of Grand Traverse, Michigan, United States"
RL,T178,derivative_of,R5.8,"In chemistry, a substance structurally related to another or that can be made from the other substance. This is used only for structural relationships. This does not include functional relationships such as metabolite of, by product of, nor analog of.",,,,DO,has_derivative,derivative_of,Q836950,derivative work,work created from major part of an original artwork
RL,T179,developmental_form_of,R5.9,An earlier stage in the individual maturation of.,,,,DF,has_developmental_form,developmental_form_of,Q55624965,Neotenic complex syndrome,Congenital extreme form of developmental delay and neoteny
RL,T180,degree_of,R5.2,The relative intensity of a process or the relative intensity or amount of a quality or attribute.,,,,DE,has_degree,degree_of,Q163727,bachelor's degree,undergraduate academic degree lasting from three to seven years
RL,T182,measurement_of,R5.4,"The dimension, quantity, or capacity determined by measuring.",,,,ME,has_measurement,measurement_of,Q48440,solar radius,unit of measurement
RL,T183,method_of,R5.10,The manner and sequence of events in performing an act or procedure.,,,,MT,has_method,method_of,Q7921,didactic method,teaching method
RL,T186,isa,H,"The basic hierarchical link in the Network. If one item ""isa"" another item then the first item is more specific in meaning than the second item.",,,,IS,inverse_isa,isa,Q15736,Isa,"city in Kagoshima Prefecture, Japan"
RL,T187,brings_about,R3.2,Acts on or influences an entity.,,,,BA,brought_about_by,brings_about,Q120804123,numskull brings about their own capture,narrative motif documented in Thompson's Motif-Index of Folk-Literature
RL,T188,performs,R3.3,"Executes, accomplishes, or achieves an activity.",,,,PE,performed_by,perform,Q1351947,Perform,periodical literature
RL,T189,spatially_related_to,R2,Related by place or region.,,,,SP,spatially_related_to,spatially_related_to,Q97158796,Modification of δD values in eastern Nevada granitoid rocks spatially related to thrust faults,scientific article published in December 1984
RL,T193,analyzes,R5.3,Studies or examines using established quantitative or qualitative methods.,,,,AN,analyzed_by,analyze,Q2845288,Analyze,software
RL,T198,branch_of,R1.6,"Arises from the division of. For example, the arborization of arteries.",,,,BR,has_branch,branch_of,Q7877,electrochemistry,branch of chemistry
RL,T199,tributary_of,R1.7,"Merges with. For example, the confluence of veins.",,,,TB,has_tributary,tributary_of,Q159675,tributary,stream or river that flows into a main stem river or lake
RL,T202,ingredient_of,R1.8,"Is a component of, as in a constituent of a preparation.",,,,IG,has_ingredient,ingredient_of,Q6593799,Unique Ingredient Identifier,"Alphanumeric identifier linked to a substance's molecular structure or descriptive information, generated by the Global Substance Registration System (GSRS) of the Food and Drug Administration (FDA)"
